Title,Company,Location,Date Posted,Job Link,Timestamp
Senior Fullstack Software Engineer,Blotato,Worldwide,2025-05-10T01:38:55+00:00,https://remoteok.com/remote-jobs/remote-senior-fullstack-software-engineer-blotato-1093150,2025-05-25 04:13:12
Senior full stack engineer,Ideal Protein,Worldwide,2025-05-23T12:48:42+00:00,https://remoteok.com/remote-jobs/remote-senior-full-stack-engineer-ideal-protein-1083524,2025-05-25 04:13:12
Senior Full Stack Developer,Zammad,Europe,2025-05-24T00:00:05+00:00,https://remoteok.com/remote-jobs/remote-senior-full-stack-developer-zammad-1093045,2025-05-25 04:13:12
Senior Software Engineer,Contra,Canada,2025-05-23T14:44:28+00:00,https://remoteok.com/remote-jobs/remote-senior-software-engineer-contra-1093221,2025-05-25 04:13:12
Senior Full Stack developer,Ringbook,Worldwide,2025-05-20T21:53:04+00:00,https://remoteok.com/remote-jobs/remote-senior-full-stack-developer-ringbook-1093206,2025-05-25 04:13:12
Full Stack Software Engineer,Daisychain,Latin America,2025-05-14T15:01:34+00:00,https://remoteok.com/remote-jobs/remote-full-stack-software-engineer-daisychain-1093170,2025-05-25 04:13:12
Javascript Fullstack Engineer Senior,Lumenalta,Worldwide,2025-05-09T00:00:11+00:00,https://remoteok.com/remote-jobs/remote-javascript-fullstack-engineer-senior-lumenalta-1092919,2025-05-25 04:13:12
Mobile App Developer,CrazyGames,Europe,2025-05-06T13:21:31+00:00,https://remoteok.com/remote-jobs/remote-mobile-app-developer-crazygames-1093117,2025-05-25 04:13:12
Senior Software Engineer,Contra,Canada,2025-05-01T18:05:55+00:00,https://remoteok.com/remote-jobs/remote-senior-software-engineer-contra-1093088,2025-05-25 04:13:12
Administrative Executive,Prime Design & Build,Latin America,2025-04-19T14:29:22+00:00,https://remoteok.com/remote-jobs/remote-administrative-executive-prime-design-build-1092987,2025-05-25 04:13:12
Senior Software Engineer,Emergent Software,Probably worldwide,2025-04-12T16:01:56+00:00,https://remoteok.com/remote-jobs/remote-senior-software-engineer-emergent-software-1092940,2025-05-25 04:13:12
Full Stack Developer,Incyte Studios,United States,2025-04-06T00:00:05+00:00,https://remoteok.com/remote-jobs/remote-full-stack-developer-incyte-studios-1086821,2025-05-25 04:13:12
Senior PHP Laravel Developer Full Stack,Interaction Design Foundation,Worldwide,2025-03-23T00:00:08+00:00,https://remoteok.com/remote-jobs/remote-senior-php-laravel-developer-full-stack-interaction-design-foundation-1084150,2025-05-25 04:13:12
spoke person,labs ai,Worldwide,2025-03-11T16:07:25+00:00,https://remoteok.com/remote-jobs/remote-spoke-person-labs-ai-1087588,2025-05-25 04:13:12
Senior Data Engineer,Soda Data,Europe,2025-03-10T19:29:04+00:00,https://remoteok.com/remote-jobs/remote-senior-data-engineer-soda-data-1087414,2025-05-25 04:13:12
Sr Software Developer PHP MySQL,LendingWise,Worldwide,2025-03-11T15:24:19+00:00,https://remoteok.com/remote-jobs/remote-sr-software-developer-php-mysql-lendingwise-1087580,2025-05-25 04:13:12
React Native Developer,Private.Ki,Worldwide,2025-03-05T00:00:04+00:00,https://remoteok.com/remote-jobs/remote-react-native-developer-private-ki-1075396,2025-05-25 04:13:12
Intermediate Angular Developer,Revelator,Europe,2025-02-25T00:00:07+00:00,https://remoteok.com/remote-jobs/remote-intermediate-angular-developer-revelator-1058054,2025-05-25 04:13:12
Senior Software Engineer Backend,Coinbase Developer Platform,United States,2025-02-07T16:00:02+00:00,https://remoteok.com/remote-jobs/remote-senior-software-engineer-backend-coinbase-developer-platform-1081525,2025-05-25 04:13:12
Developer,Stoneridge Software,"Minneapolis, MN",2025-01-22T23:00:04+00:00,https://remoteok.com/remote-jobs/remote-developer-stoneridge-software-1069448,2025-05-25 04:13:12
